﻿<?xml version="1.0" encoding="UTF-8"?>
<resources>
	<style name="AcquaintTheme" parent="AcquaintTheme.Base">
		<item name="windowNoTitle">true</item>
		<item name="android:windowContentTransitions">true</item>
	</style>
	<style name="AcquaintTheme.Base" parent="Theme.AppCompat.Light.NoActionBar">
		<item name="colorPrimary">@color/primary</item>
		<item name="colorPrimaryDark">@color/primaryDark</item>
		<item name="colorAccent">@color/accent</item>
		<item name="android:windowBackground">@color/window_background</item>
	</style>
	<style name="AcquaintTheme.Splash" parent="Theme.AppCompat.Light.NoActionBar">
		<item name="windowNoTitle">true</item>
		<item name="colorPrimaryDark">@color/launchStatusBar</item>
		<item name="android:windowBackground">@drawable/background_splash</item>
	</style>
</resources>